rawPosX;rawPosY;rawPosZ;rawRotX;rawRotY;rawRotZ;rawRotW
0.644992;1.47465;0.73739;0.0695885;-0.690898;-0.0427833;0.718322
-0.965673;1.49279;0.686743;0.0260848;0.633255;-0.0157882;0.773343
-0.157147;1.15511;0.619012;0.0597798;0.125397;-0.988429;0.06091
0.0239626;0.270629;0.653908;-0.163066;-0.733727;-0.0320682;0.658806
-0.300131;0.258736;0.624499;0.070074;0.697636;0.0443194;0.711639